,ROC_AUC,AP
Cardiomegaly,0.9098112351907488,0.5484851086515666
Atelectasis,0.6908307696760446,0.4158427048112036
Lung Nodule,0.6236656861191072,0.5532530185807305
Lung Opacity,0.635642347198951,0.5132986557637209
Pleural Effusion,0.9253451554397936,0.744905919447692
Consolidation,0.7064949324206042,0.37761047833036154
