,ROC_AUC,AP
Cardiomegaly,0.9004886344311548,0.5611686713583058
Atelectasis,0.6956358935335539,0.41463809065218943
Lung Nodule,0.6273151533568794,0.5783840782581734
Lung Opacity,0.6335529431048299,0.512863707462833
Pleural Effusion,0.9244812681266529,0.710980113010091
Consolidation,0.70836385178048,0.3911748803726174
