,ROC_AUC,AP
Cardiomegaly,0.8843387563063319,0.49525114071641063
Atelectasis,0.6758558354306883,0.38008330661723977
Lung Nodule,0.6214800342242918,0.5569912811559536
Lung Opacity,0.6387375245865813,0.522208853638495
Pleural Effusion,0.9216958557378098,0.7166855726828383
Consolidation,0.700347595193047,0.3740363404617665
