,ROC_AUC,AP
Cardiomegaly,0.9079088487047219,0.5403155969116413
Atelectasis,0.7020648345008978,0.436539613885627
Lung Nodule,0.632849890399946,0.571073323344864
Lung Opacity,0.6302251038100095,0.5009291258580097
Pleural Effusion,0.9289085657672916,0.7226550233025919
Consolidation,0.7264228365280255,0.38043732471056807
