,ROC_AUC,AP
Cardiomegaly,0.8988640099767586,0.5606961103692603
Atelectasis,0.696721855143213,0.398299281611198
Lung Nodule,0.6378834797732509,0.5805476137358212
Lung Opacity,0.6516174783273839,0.5298398762365166
Pleural Effusion,0.9295507386486206,0.7153793945331428
Consolidation,0.7282371377874628,0.4035706321132844
